sku_original,competidor,marca,categoria,nombre_producto,url_producto,precio_regular,precio_oferta,cuotas,hay_stock
FRA-iphone-17-256gb-negro-783324,Fravega,OTRAS,Smartphones,iPhone 17 256GB Negro,https://www.fravega.com/p/iphone-17-256gb-negro-783324/,2399999.0,1696352.13,1,True
FRA-iphone-15-128gb-black-782468,Fravega,OTRAS,Smartphones,iPhone 15 128GB Black,https://www.fravega.com/p/iphone-15-128gb-black-782468/,1599999.0,1322313.22,1,True
FRA-celular-motorola-edge-70-fusion-fifa-edi,Fravega,MOTOROLA,Smartphones,Celular Motorola Edge 70 Fusion FIFA Edition 8GB 256GB,https://www.fravega.com/p/celular-motorola-edge-70-fusion-fifa-edition-8gb-256gb-782978/,999999.0,826445.45,1,True
FRA-celular-motorola-razr-60-ultra-1tb-mount,Fravega,MOTOROLA,Smartphones,Celular Motorola Razr 60 Ultra 1TB Mountain Trail,https://www.fravega.com/p/celular-motorola-razr-60-ultra-1tb-mountain-trail-782472/,2399999.0,1999999.0,1,True
FRA-celular-samsung-galaxy-a07-64gb-verde-78,Fravega,SAMSUNG,Smartphones,Celular Samsung Galaxy A07 64GB Verde,https://www.fravega.com/p/celular-samsung-galaxy-a07-64gb-verde-782634/,299999.0,259999.0,1,True
FRA-celular-motorola-g67-4gb-256gb-782593,Fravega,MOTOROLA,Smartphones,Celular Motorola G67 4GB 256GB,https://www.fravega.com/p/celular-motorola-g67-4gb-256gb-782593/,599999.0,499999.0,1,True
FRA-celular-tcl-50-pro-nxtpaper-5g-8gb-512gb,Fravega,TCL,Smartphones,Celular TCL 50 Pro NXTPAPER 5G 8GB 512GB Space Gray,https://www.fravega.com/p/celular-tcl-50-pro-nxtpaper-5g-8gb-512gb-space-gray-782594/,549999.0,479999.0,1,True
FRA-celular-xiaomi-redmi-note-14-128gb-midni,Fravega,XIAOMI,Smartphones,Celular Xiaomi Redmi Note 14 128GB Midnight Black,https://www.fravega.com/p/celular-xiaomi-redmi-note-14-128gb-midnight-black-782554/,529999.0,438015.7,1,True
FRA-celular-motorola-g56-8gb-256gb-gray-7826,Fravega,MOTOROLA,Smartphones,Celular Motorola G56 8GB 256GB Gray,https://www.fravega.com/p/celular-motorola-g56-8gb-256gb-gray-782680/,599999.0,499999.0,1,True
FRA-celular-samsung-galaxy-a56-5g-256gb-ligh,Fravega,SAMSUNG,Smartphones,Celular Samsung Galaxy A56 5G 256GB Lightgray,https://www.fravega.com/p/celular-samsung-galaxy-a56-5g-256gb-lightgray-782962/,1099999.0,909090.08,1,True
FRA-iphone-16-pro-512gb-white-783069,Fravega,OTRAS,Smartphones,iPhone 16 Pro 512GB White,https://www.fravega.com/p/iphone-16-pro-512gb-white-783069/,2999999.0,2120440.34,1,True
FRA-celular-samsung-galaxy-a57-5g-8gb-256gb-,Fravega,SAMSUNG,Smartphones,Celular Samsung Galaxy A57 5G 8GB 256GB Gris,https://www.fravega.com/p/celular-samsung-galaxy-a57-5g-8gb-256gb-gris-783108/,1299999.0,1074379.34,1,True
FRA-celular-motorola-g15-4gb-256gb-gravity-g,Fravega,MOTOROLA,Smartphones,Celular Motorola G15 4GB 256GB Gravity Grey,https://www.fravega.com/p/celular-motorola-g15-4gb-256gb-gravity-grey-782814/,349999.0,329999.0,1,True
FRA-celular-nubia-music-2-pop-art-4gb-128gb-,Fravega,OTRAS,Smartphones,Celular Nubia Music 2 Pop Art 4GB 128GB,https://www.fravega.com/p/celular-nubia-music-2-pop-art-4gb-128gb-782723/,289999.0,239668.6,1,True
FRA-celular-samsung-galaxy-a07-64gb-negro-78,Fravega,SAMSUNG,Smartphones,Celular Samsung Galaxy A07 64GB Negro,https://www.fravega.com/p/celular-samsung-galaxy-a07-64gb-negro-782721/,299999.0,259999.0,1,True
FRA-celular-motorola-g17-4gb-256gb-782851,Fravega,MOTOROLA,Smartphones,Celular Motorola G17 4GB 256GB,https://www.fravega.com/p/celular-motorola-g17-4gb-256gb-782851/,399999.0,349999.0,1,True
FRA-iphone-17-pro-256gb-deep-blue-783159,Fravega,OTRAS,Smartphones,iPhone 17 Pro 256GB Deep Blue,https://www.fravega.com/p/iphone-17-pro-256gb-deep-blue-783159/,3399999.0,2403165.82,1,True
FRA-celular-motorola-edge-70-fusion-8gb-256g,Fravega,MOTOROLA,Smartphones,Celular Motorola Edge 70 Fusion 8GB 256GB,https://www.fravega.com/p/celular-motorola-edge-70-fusion-8gb-256gb-782900/,899999.0,743800.83,1,True
FRA-celular-nubia-focus-4gb-256gb-orange-782,Fravega,OTRAS,Smartphones,Celular Nubia Focus 4GB 256GB Orange,https://www.fravega.com/p/celular-nubia-focus-4gb-256gb-orange-782950/,299999.0,247933.06,1,True
FRA-celular-samsung-galaxy-s25-ultra-512gb-t,Fravega,SAMSUNG,Smartphones,Celular Samsung Galaxy S25 Ultra 512GB Titanium Silverblue,https://www.fravega.com/p/celular-samsung-galaxy-s25-ultra-512gb-titanium-silverblue-782703/,2999999.0,2699999.0,1,True
FRA-celular-samsung-galaxy-s25-ultra-256gb-t,Fravega,SAMSUNG,Smartphones,Celular Samsung Galaxy S25 Ultra 256GB Titanium Black,https://www.fravega.com/p/celular-samsung-galaxy-s25-ultra-256gb-titanium-black-782902/,2799999.0,2379999.0,1,True
FRA-celular-motorola-g24-power-128gb-ink-blu,Fravega,MOTOROLA,Smartphones,Celular Motorola G24 Power 128GB Ink Blue,https://www.fravega.com/p/celular-motorola-g24-power-128gb-ink-blue-782335/,289999.0,259999.0,1,True
FRA-celular-motorola-g15-4gb-128gb-gravity-g,Fravega,MOTOROLA,Smartphones,Celular Motorola G15 4GB 128GB Gravity Grey,https://www.fravega.com/p/celular-motorola-g15-4gb-128gb-gravity-grey-782752/,299999.0,279999.0,1,True
FRA-celular-motorola-g17-4gb-256gb-782883,Fravega,MOTOROLA,Smartphones,Celular Motorola G17 4GB 256GB,https://www.fravega.com/p/celular-motorola-g17-4gb-256gb-782883/,399999.0,349999.0,1,True
FRA-celular-motorola-g04s-64gb-sunrise-orang,Fravega,MOTOROLA,Smartphones,Celular Motorola G04s 64GB Sunrise Orange,https://www.fravega.com/p/celular-motorola-g04s-64gb-sunrise-orange-782411/,189999.0,157023.97,1,True
FRA-celular-xiaomi-redmi-note-14-pro-256gb-m,Fravega,XIAOMI,Smartphones,Celular Xiaomi Redmi Note 14 Pro 256GB Midnight Black,https://www.fravega.com/p/celular-xiaomi-redmi-note-14-pro-256gb-midnight-black-782667/,799999.0,699999.0,1,True
FRA-celular-motorola-g06-4gb-128gb-azul-7825,Fravega,MOTOROLA,Smartphones,Celular Motorola G06 4GB 128GB Azul,https://www.fravega.com/p/celular-motorola-g06-4gb-128gb-azul-782565/,259999.0,239999.0,1,True
FRA-celular-motorola-g77-8gb-256gb-782719,Fravega,MOTOROLA,Smartphones,Celular Motorola G77 8GB 256GB,https://www.fravega.com/p/celular-motorola-g77-8gb-256gb-782719/,699999.0,549999.0,1,True
FRA-celular-motorola-g86-8gb-256gb-lila-7828,Fravega,MOTOROLA,Smartphones,Celular Motorola G86 8GB 256GB Lila,https://www.fravega.com/p/celular-motorola-g86-8gb-256gb-lila-782834/,699999.0,649999.0,1,True
FRA-celular-samsung-galaxy-a17-128gb-negro-7,Fravega,SAMSUNG,Smartphones,Celular Samsung Galaxy A17 128GB Negro,https://www.fravega.com/p/celular-samsung-galaxy-a17-128gb-negro-782838/,469999.0,388428.93,1,True
FRA-celular-motorola-edge-60-fusion-8-gb-256,Fravega,MOTOROLA,Smartphones,Celular Motorola Edge 60 Fusion 8 GB 256 GB Pantone Zephyr Rosa,https://www.fravega.com/p/celular-motorola-edge-60-fusion-8-gb-256-gb-pantone-zephyr-rosa-782630/,799999.0,661156.2,1,True
FRA-multigroom-trimmer-philips-serie-7000-mg,Fravega,PHILIPS,Pequeños Electrodomésticos,Multigroom Trimmer Philips Serie 7000 MG7935/15 16 en 1,https://www.fravega.com/p/multigroom-trimmer-philips-serie-7000-mg7935-15-16-1-30474/,108999.0,76999.0,1,True
FRA-afeitadora-philips-serie-5000-x5012-05-3,Fravega,PHILIPS,Pequeños Electrodomésticos,Afeitadora Philips Serie 5000 X5012/05,https://www.fravega.com/p/afeitadora-philips-serie-5000-x5012-05-30374/,139999.0,99999.0,1,True
FRA-pava-electrica-kanji-home-con-corte-mate,Fravega,OTRAS,Pequeños Electrodomésticos,Pava Eléctrica Kanji Home con Corte Mate KJH-PE15002M,https://www.fravega.com/p/pava-electrica-kanji-home-con-corte-mate-kjh-pe15002m--13629/,29999.0,17999.0,1,True
FRA-freidora-de-aire-atma-con-visor-fr246abp,Fravega,ATMA,Pequeños Electrodomésticos,Freidora de Aire ATMA con Visor FR246ABP 6Lts Negro,https://www.fravega.com/p/freidora-de-aire-atma-con-visor-fr246abp-6lts-negro-13898/,189999.0,99999.0,1,True
FRA-cafetera-espresso-suono-20-bar-espumador,Fravega,OTRAS,Pequeños Electrodomésticos,Cafetera Espresso Suono 20 Bar Espumador HOG0389ACE,https://www.fravega.com/p/cafetera-espresso-suono-20-bar-espumador-hog0389ace-13969/,179999.0,99999.0,1,True
FRA-afeitadora-philips-s1881-00-serie-1000-u,Fravega,PHILIPS,Pequeños Electrodomésticos,Afeitadora Philips S1881/00 Serie 1000 uso en Húmedo y Seco,https://www.fravega.com/p/afeitadora-philips-s1881-00-serie-1000-uso-humedo-y-seco-30625/,81999.0,48999.0,1,True
FRA-yogurtera-ultracomb-yg-2707-13859,Fravega,OTRAS,Pequeños Electrodomésticos,Yogurtera Ultracomb YG-2707,https://www.fravega.com/p/yogurtera-ultracomb-yg-2707-13859/,75099.0,37999.0,1,True
FRA-aspiradora-vertical-inalambrica-electrol,Fravega,OTRAS,Pequeños Electrodomésticos,Aspiradora Vertical Inalámbrica Electrolux Stick 2 en 1 ERG019,https://www.fravega.com/p/aspiradora-vertical-inalambrica-electrolux-stick-2-1-erg019-60832/,269999.0,149999.0,1,True
FRA-freidora-de-aire-atma-con-visor-fr248abp,Fravega,ATMA,Pequeños Electrodomésticos,Freidora de Aire ATMA con Visor FR248ABP 8Lts Negro,https://www.fravega.com/p/freidora-de-aire-atma-con-visor-fr248abp-8lts-negro-14103/,204999.0,129999.0,1,True
FRA-microondas-atma-94watds20ucp-20-lts-silv,Fravega,ATMA,Pequeños Electrodomésticos,Microondas ATMA 94WATDS20UCP 20 Lts Silver,https://www.fravega.com/p/microondas-atma-94watds20ucp-20-lts-silver-110371/,241999.0,189999.0,1,True
FRA-freidora-de-aire-peabody-pe-afd720n-7-2l,Fravega,OTRAS,Pequeños Electrodomésticos,"Freidora De Aire Peabody PE-AFD720N 7,2L",https://www.fravega.com/p/freidora-de-aire-peabody-pe-afd720n-7-2l-13837/,139999.0,99999.0,1,True
FRA-freidora-de-aire-atma-con-visor-fr246awp,Fravega,ATMA,Pequeños Electrodomésticos,Freidora de Aire ATMA con Visor FR246AWP 6Lts Blanco,https://www.fravega.com/p/freidora-de-aire-atma-con-visor-fr246awp-6lts-blanco-14102/,189999.0,99999.0,1,True
FRA-multigroom-all-one-philips-mg3911-15-inc,Fravega,PHILIPS,Pequeños Electrodomésticos,Multigroom All-in-One Philips MG3911/15 incluye 7 accesorios,https://www.fravega.com/p/multigroom-all-one-philips-mg3911-15-incluye-7-accesorios-30397/,51799.0,35999.0,1,True
FRA-repuesto-cuchillas-x2-para-cortabarba-ph,Fravega,PHILIPS,Pequeños Electrodomésticos,Repuesto Cuchillas x2 para Cortabarba Philips OneBlade,https://www.fravega.com/p/repuesto-cuchillas-x2-para-cortabarba-philips-oneblade-30460/,31499.0,27499.0,1,True
FRA-freidora-de-aire-admiral-ad-af505-6-3-li,Fravega,OTRAS,Pequeños Electrodomésticos,"Freidora de Aire Admiral AD-AF505 6,3 Litros",https://www.fravega.com/p/freidora-de-aire-admiral-ad-af505-6-3-litros-13978/,149999.0,84999.0,1,True
FRA-aspiradora-philco-stick-vertical-2-1-hvc,Fravega,PHILCO,Pequeños Electrodomésticos,Aspiradora Philco Stick Vertical 2 en 1 HVCPH177PI,https://www.fravega.com/p/aspiradora-philco-stick-vertical-2-1-hvcph177pi--60288/,129999.0,49999.0,1,True
FRA-cortadora-de-pelo-kanji-beauty-usb-inala,Fravega,OTRAS,Pequeños Electrodomésticos,Cortadora de Pelo Kanji Beauty USB Inalámbrica + 4 Peines,https://www.fravega.com/p/cortadora-de-pelo-kanji-beauty-usb-inalambrica-4-peines-30386/,13999.0,4999.0,1,True
FRA-maquina-gasificadora-sodastream-terra-bl,Fravega,OTRAS,Pequeños Electrodomésticos,Maquina Gasificadora Sodastream Terra Black,https://www.fravega.com/p/maquina-gasificadora-sodastream-terra-black-13724/,126999.0,82499.0,1,True
FRA-cortabarba-philips-oneblade-qp2824-10-fa,Fravega,PHILIPS,Pequeños Electrodomésticos,Cortabarba Philips Oneblade QP2824/10 Face & Body,https://www.fravega.com/p/cortabarba-philips-oneblade-qp2824-10-face--body-30356/,86299.0,64699.0,1,True
FRA-multigroom-trimmer-philips-serie-7000-mg,Fravega,PHILIPS,Pequeños Electrodomésticos,Multigroom Trimmer Philips Serie 7000 MG7935/15 16 en 1,https://www.fravega.com/p/multigroom-trimmer-philips-serie-7000-mg7935-15-16-1-30474/,108999.0,76999.0,1,True
FRA-microondas-atma-matrb20ubn-20l-negro-110,Fravega,ATMA,Pequeños Electrodomésticos,Microondas ATMA MATRB20UBN 20L Negro,https://www.fravega.com/p/microondas-atma-matrb20ubn-20l-negro-110350/,199999.0,159999.0,1,True
FRA-tostadora-admiral-ad-to1318-14169,Fravega,OTRAS,Pequeños Electrodomésticos,Tostadora Admiral AD-TO1318,https://www.fravega.com/p/tostadora-admiral-ad-to1318-14169/,49999.0,28999.0,1,True
FRA-mixer-moulinex-turbomix-inox-plus-600w-1,Fravega,OTRAS,Pequeños Electrodomésticos,Mixer Moulinex Turbomix Inox Plus 600W,https://www.fravega.com/p/mixer-moulinex-turbomix-inox-plus-600w-180651/,105999.0,79999.0,1,True
FRA-secador-de-pelo-ga-ma-mistral-ceramic-io,Fravega,OTRAS,Pequeños Electrodomésticos,Secador de Pelo GA.MA Mistral Ceramic Ion,https://www.fravega.com/p/secador-de-pelo-ga-ma-mistral-ceramic-ion-13349/,74999.0,49999.0,1,True
FRA-pava-electrica-electrolux-efficient-1-8l,Fravega,OTRAS,Pequeños Electrodomésticos,"Pava Eléctrica Electrolux Efficient 1,8Lts EEK11",https://www.fravega.com/p/pava-electrica-electrolux-efficient-1-8lts-eek11-14569/,58999.0,34999.0,1,True
FRA-maquina-de-coser-mc202-mini-recta-con-lu,Fravega,OTRAS,Pequeños Electrodomésticos,Máquina de Coser MC202 Mini Recta con Luz Portátil,https://www.fravega.com/p/maquina-de-coser-mc202-mini-recta-con-luz-portatil-200047/,55999.0,18999.0,1,True
FRA-pava-electrica-electrolux-efficient-2lts,Fravega,OTRAS,Pequeños Electrodomésticos,Pava Eléctrica Electrolux Efficient 2Lts EEK50,https://www.fravega.com/p/pava-electrica-electrolux-efficient-2lts-eek50-14568/,85999.0,79999.0,1,True
FRA-secador-remington-d3015-power-volumen-20,Fravega,REMINGTON,Pequeños Electrodomésticos,Secador Remington D3015 Power Volumen 2000,https://www.fravega.com/p/secador-remington-d3015-power-volumen-2000-12426/,59999.0,49999.0,1,True
FRA-pava-electrica-atma-essential-peat1351bp,Fravega,ATMA,Pequeños Electrodomésticos,"Pava Eléctrica Atma Essential PEAT1351BP 1,8Lts Negro",https://www.fravega.com/p/pava-electrica-atma-essential-peat1351bp-1-8lts-negro-14356/,39999.0,34999.0,1,True
FRA-planchita-de-pelo-ga-ma-elegance-bella-t,Fravega,OTRAS,Pequeños Electrodomésticos,Planchita de Pelo GA.MA Elegance Bella Tourmaline ION 230°C,https://www.fravega.com/p/planchita-de-pelo-ga-ma-elegance-bella-tourmaline-ion-230-c-13040/,69999.0,51999.0,1,True
FRA-freidora-de-aire-digital-atma-fr246gap-6,Fravega,ATMA,Pequeños Electrodomésticos,Freidora de Aire Digital ATMA FR246GAP 6Lt,https://www.fravega.com/p/freidora-de-aire-digital-atma-fr246gap-6lt-13988/,189999.0,99999.0,1,True
FRA-licuadora-philco-lv24b0php-450w-1-25lts-,Fravega,HP,Pequeños Electrodomésticos,"Licuadora Philco LV24B0PHP 450W 1,25Lts Negro",https://www.fravega.com/p/licuadora-philco-lv24b0php-450w-1-25lts-negro-180462/,61999.0,39999.0,1,True
FRA-comoda-mallorca-blanco-paraiso-50001494,Fravega,OTRAS,Muebles,Comoda Mallorca blanco paraiso,https://www.fravega.com/p/comoda-mallorca-blanco-paraiso-50001494/,300454.0,169600.0,1,True
FRA-mesa-recibidora-de-arrime-auxiliar-con-c,Fravega,OTRAS,Muebles,Mesa Recibidora De Arrime Auxiliar Con Cajón - Patas En Mdf! Blanco,https://www.fravega.com/p/mesa-recibidora-de-arrime-auxiliar-con-cajon-patas-mdf-blanco-22716015/,165000.0,80000.0,1,True
FRA-placard-ropero-con-baulera-240x233-cm-di,Fravega,OTRAS,Muebles,Placard Ropero con Baulera 240x233 cm Diseños Modernos Color Blanco,https://www.fravega.com/p/placard-ropero-con-baulera-240x233-cm-disenos-modernos-color-blanco-21454548/,964998.75,844999.0,1,True
FRA-mesa-de-arrime-circular-negra-2-capas-60,Fravega,OTRAS,Muebles,Mesa de Arrime Circular Negra 2 Capas,https://www.fravega.com/p/mesa-de-arrime-circular-negra-2-capas-601581/,49999.0,22999.0,1,True
FRA-box-benethon-2-pl-140-x-190-blanco-mate-,Fravega,OTRAS,Muebles,Box Benethon 2 Pl  140 X 190 Blanco Mate,https://www.fravega.com/p/box-benethon-2-pl-140-x-190-blanco-mate-990223748/,778470.0,492340.0,1,True
FRA-despensero-organizador-multiuso-madesa-e,Fravega,OTRAS,Muebles,Despensero Organizador Multiuso Madesa Emilly 2 Puertas,https://www.fravega.com/p/despensero-organizador-multiuso-madesa-emilly-2-puertas-22738457/,169998.0,89919.0,1,True
FRA-mueble-para-tv-rack-cancun-para-tv-hasta,Fravega,LG,Muebles,Mueble Para Tv Rack Cancún Para Tv Hasta 65 Pulgadas,https://www.fravega.com/p/mueble-para-tv-rack-cancun-para-tv-hasta-65-pulgadas-22737142/,309998.0,139919.0,1,True
FRA-set-x4-sillas-de-diseno-tulip-blanca-liv,Fravega,OTRAS,Muebles,Set x4 Sillas de Diseño Tulip Blanca Living Comedor Cocina,https://www.fravega.com/p/set-x4-sillas-de-diseno-tulip-blanca-living-comedor-cocina-601630/,199999.0,149999.0,1,True
FRA-biblioteca-centro-estant-l9bl-blanca-180,Fravega,OTRAS,Muebles,Biblioteca Centro Estant L9BL Blanca 180 x 41 cm,https://www.fravega.com/p/biblioteca-centro-estant-l9bl-blanca-180-x-41-cm-600837/,89999.0,65999.0,1,True
FRA-placard-ropero-puertas-corredizas-con-es,Fravega,OTRAS,Muebles,Placard Ropero Puertas Corredizas Con Espejo 2.00 X 2.00 Carpinteria Rivadavia,https://www.fravega.com/p/placard-ropero-puertas-corredizas-con-espejo-2-00-x-2-00-carpinteria-rivadavia-22625778/,599999.0,545685.0,1,True
FRA-silla-oficina-ultimate-ut-j03-601491,Fravega,OTRAS,Muebles,Silla Oficina Ultimate UT-J03,https://www.fravega.com/p/silla-oficina-ultimate-ut-j03-601491/,199999.0,99999.0,1,True
FRA-respaldo-de-cama-centro-estant-dali-140-,Fravega,OTRAS,Muebles,Respaldo de cama Centro Estant Dali 140-160 Negro Paraiso,https://www.fravega.com/p/respaldo-de-cama-centro-estant-dali-140-160-negro-paraiso-21184405/,196658.0,121900.0,1,True
FRA-mesa-tv-centro-estant-mt4002bl-blanco-12,Fravega,OTRAS,Muebles,Mesa TV Centro Estant MT4002BL Blanco 128 x 50 cm,https://www.fravega.com/p/mesa-tv-centro-estant-mt4002bl-blanco-128-x-50-cm-601417/,199999.0,135999.0,1,True
FRA-rack-tv-negro-con-puerta-corrediza--mueb,Fravega,LG,Muebles,Rack TV Negro con Puerta Corrediza – Mueble para Televisor Moderno 50 a 55 Pulgadas con Ruedas 136 cm,https://www.fravega.com/p/rack-tv-negro-con-puerta-corrediza--mueble-para-televisor-moderno-50-a-55-pulgadas-con-ruedas-136-cm-22589027/,210999.0,164331.0,1,True
FRA-silla-de-oficina-premium-ultimate-ut-c34,Fravega,OTRAS,Muebles,Silla de Oficina Premium Ultimate UT-C340W Blanco,https://www.fravega.com/p/silla-de-oficina-premium-ultimate-ut-c340w-blanco-601654/,149999.0,99999.0,1,True
FRA-escritorio-centro-estant-milan-negro-par,Fravega,OTRAS,Muebles,Escritorio Centro Estant Milan Negro Paraiso Ancho 168cm,https://www.fravega.com/p/escritorio-centro-estant-milan-negro-paraiso-ancho-168cm-990049086/,194239.0,160528.1,1,True
FRA-silla-oficina-ultimate-ut-c201-601763,Fravega,OTRAS,Muebles,Silla Oficina Ultimate UT-C201,https://www.fravega.com/p/silla-oficina-ultimate-ut-c201-601763/,99999.0,49999.0,1,True
FRA-placard-ricchezze-tana-eco-moccha-4-puer,Fravega,OTRAS,Muebles,Placard Ricchezze Tana Eco Moccha 4 Puertas 182 x 113 cm,https://www.fravega.com/p/placard-ricchezze-tana-eco-moccha-4-puertas-182-x-113-cm-601657/,229999.0,179999.0,1,True
FRA-carro-de-mano-de-cocina-de-3-niveles-f11,Fravega,OTRAS,Muebles,Carro de Mano de Cocina de 3 Niveles F11196,https://www.fravega.com/p/carro-de-mano-de-cocina-de-3-niveles-f11196-601599/,59999.0,19999.0,1,True
FRA-organizador-de-zapatos-y-ropa-con-8-ganc,Fravega,OTRAS,Muebles,Organizador De Zapatos Y Ropa Con 8 Ganchos Y 5 Niveles 80x172x26cm Marca HomeCo. Color Negro,https://www.fravega.com/p/organizador-de-zapatos-y-ropa-con-8-ganchos-y-5-niveles-80x172x26cm-marca-homeco-color-negro-22635122/,67040.48,22199.0,1,True
FRA-zapatero-mueble-botinero-organizador-cua,Fravega,OTRAS,Muebles,Zapatero Mueble Botinero Organizador Cuatro Pisos Waggs,https://www.fravega.com/p/zapatero-mueble-botinero-organizador-cuatro-pisos-waggs-21704087/,20985.99,6449.0,1,True
FRA-silla-de-oficina-ergonomica-ultimate-ut-,Fravega,OTRAS,Muebles,Silla de Oficina Ergonómica Ultimate UT-C329-1,https://www.fravega.com/p/silla-de-oficina-ergonomica-ultimate-ut-c329-1-601728/,199999.0,89999.0,1,True
FRA-rack-de-tv-panel-varillado-colgante-160-,Fravega,LG,Muebles,RACK DE TV PANEL VARILLADO COLGANTE 160 PARA TV 55 PULGADAS,https://www.fravega.com/p/rack-de-tv-panel-varillado-colgante-160-para-tv-55-pulgadas-22701358/,199999.0,173422.0,1,True
FRA-zapatero-organizador-de-calzado-con-9-ni,Fravega,OTRAS,Muebles,Zapatero Organizador de Calzado con 9 niveles 60x30x160cm Marca HomeCo. Color Negro,https://www.fravega.com/p/zapatero-organizador-de-calzado-con-9-niveles-60x30x160cm-marca-homeco-color-negro-22635124/,56332.06,22599.0,1,True
FRA-silla-de-oficina-allegra-nhso0010-ergono,Fravega,OTRAS,Muebles,Silla De Oficina Allegra NHSO0010  Ergonomica Apoyo Lumbar Nebraska Negro Malla,https://www.fravega.com/p/silla-de-oficina-allegra-nhso0010-ergonomica-apoyo-lumbar-nebraska-negro-malla-22726617/,131729.0,54998.0,1,True
FRA-silla-oficina-ergonomica-novohome-reclin,Fravega,OTRAS,Muebles,Silla Oficina Ergonómica Novohome Reclinable con Apoya Pies,https://www.fravega.com/p/silla-oficina-ergonomica-novohome-reclinable-con-apoya-pies-990288783/,262489.0,150990.0,1,True
FRA-perchero-movil-metalico-barral-exhibidor,Fravega,OTRAS,Muebles,Perchero Movil Metalico Barral Exhibidor Waggs,https://www.fravega.com/p/perchero-movil-metalico-barral-exhibidor-waggs-22081908/,41986.0,23399.0,1,True
FRA-escritorio-centro-estant-sc80bl-blanco-8,Fravega,OTRAS,Muebles,Escritorio Centro Estant SC80BL Blanco 82 x 44 cm,https://www.fravega.com/p/escritorio-centro-estant-sc80bl-blanco-82-x-44-cm-600944/,110999.0,79999.0,1,True
FRA-placard-ropero-con-baulera-alzada-puerta,Fravega,OTRAS,Muebles,Placard Ropero con Baulera Alzada Puertas Corredizas 240x235,https://www.fravega.com/p/placard-ropero-con-baulera-alzada-puertas-corredizas-240x235-21230021/,740000.0,682311.0,1,True
FRA-pelota-de-futbol-reebok-vortex-nro-5-ggs,Fravega,OTRAS,Deportes y Fitness,Pelota de Futbol Reebok Vortex Nro.5 GGSS,https://www.fravega.com/p/pelota-de-futbol-reebok-vortex-nro-5-ggss--562730/,19999.0,13999.0,1,True
FRA-cinta-motorizada-randers-arg-308-10-km-h,Fravega,OTRAS,Deportes y Fitness,Cinta Motorizada Randers ARG-308 10 km/h,https://www.fravega.com/p/cinta-motorizada-randers-arg-308-10-km-h-990178860/,793148.0,644912.0,1,True
FRA-bicicleta-spinning-randers-arg-820sp-6-k,Fravega,OTRAS,Deportes y Fitness,Bicicleta Spinning Randers ARG-820SP 6 Kg,https://www.fravega.com/p/bicicleta-spinning-randers-arg-820sp-6-kg-990054591/,442978.0,295912.0,1,True
FRA-cinta-de-correr-caminadora-admiral-ad-fc,Fravega,OTRAS,Deportes y Fitness,Cinta de correr caminadora Admiral AD-FCC12 16 km/h,https://www.fravega.com/p/cinta-de-correr-caminadora-admiral-ad-fcc12-16-km-h-562289/,1199999.0,789999.0,1,True
FRA-bicicleta-fija-de-entrenamiento-philco-8,Fravega,PHILCO,Deportes y Fitness,Bicicleta Fija de Entrenamiento Philco 8 Niveles de Resistencia Disco 2kg,https://www.fravega.com/p/bicicleta-fija-de-entrenamiento-philco-8-niveles-de-resistencia-disco-2kg-990186086/,350899.0,210999.0,1,True
FRA-gym-rack-randers-arg-154-multifuncion-99,Fravega,OTRAS,Deportes y Fitness,Gym Rack Randers ARG-154 Multifunción,https://www.fravega.com/p/gym-rack-randers-arg-154-multifuncion-990229225/,582280.0,435365.01,1,True
FRA-guantes-profesionales-para-mma-gfitness-,Fravega,OTRAS,Deportes y Fitness,Guantes Profesionales para MMA Gfitness,https://www.fravega.com/p/guantes-profesionales-para-mma-gfitness-22516793/,101869.0,65999.0,1,True
FRA-yoga-mat-proline-premium-confort-con-cor,Fravega,GAMA,Deportes y Fitness,Yoga Mat Proline Premium Confort Con Correa 183 X 61.1 Cm Antideslizante - GP-YOGAMAT1-P,https://www.fravega.com/p/yoga-mat-proline-premium-confort-con-correa-183-x-61-1-cm-antideslizante-gp-yogamat1-p-990243302/,27499.0,19998.99,1,True
FRA-bicicleta-fija-energy-fit-shock-rider-sp,Fravega,OTRAS,Deportes y Fitness,Bicicleta Fija Energy Fit Shock Rider Spinning Con App Bluetooth,https://www.fravega.com/p/bicicleta-fija-energy-fit-shock-rider-spinning-con-app-bluetooth-22128586/,650000.0,500000.0,1,True
FRA-bicicleta-magnetica-vertical-te2455hp-se,Fravega,HP,Deportes y Fitness,Bicicleta Magnetica Vertical TE2455HP Semikon,https://www.fravega.com/p/bicicleta-magnetica-vertical-te2455hp-semikon-20111010/,584933.0,463267.0,1,True
FRA-creatina-monohidratada-star-nutrition-30,Fravega,OTRAS,Deportes y Fitness,Creatina Monohidratada Star Nutrition 300 Gr - Doypack,https://www.fravega.com/p/creatina-monohidratada-star-nutrition-300-gr-doypack-22631157/,39363.0,31490.0,1,True
FRA-barra-de-dominadas-trexa-tx-fd1-de-pared,Fravega,OTRAS,Deportes y Fitness,Barra de Dominadas Trexa TX-FD1 de pared,https://www.fravega.com/p/barra-de-dominadas-trexa-tx-fd1-de-pared-562059/,79999.0,44999.0,1,True
FRA-yoga-mat-trexa-tx-fym10g-10mm-gris-56210,Fravega,OTRAS,Deportes y Fitness,Yoga Mat Trexa TX-FYM10G 10mm Gris,https://www.fravega.com/p/yoga-mat-trexa-tx-fym10g-10mm-gris-562108/,29999.0,14999.0,1,True
FRA-bicicleta-spinning-fija-admiral-ad-fbs4-,Fravega,OTRAS,Deportes y Fitness,Bicicleta Spinning Fija Admiral AD-FBS4 4 kg,https://www.fravega.com/p/bicicleta-spinning-fija-admiral-ad-fbs4-4-kg-562179/,249999.0,179999.0,1,True
FRA-pedalera-de-ejercicios-trexa-tx-fpd1-562,Fravega,OTRAS,Deportes y Fitness,Pedalera de Ejercicios Trexa TX-FPD1,https://www.fravega.com/p/pedalera-de-ejercicios-trexa-tx-fpd1-562229/,129999.0,59999.0,1,True
FRA-bicicleta-fija-admiral-ad-fbm1-mecanica-,Fravega,OTRAS,Deportes y Fitness,Bicicleta Fija Admiral AD-FBM1 mecánica,https://www.fravega.com/p/bicicleta-fija-admiral-ad-fbm1-mecanica-561939/,199999.0,109999.0,1,True
FRA-bicicleta-nordic-x1-0-mountain-bike-roda,Fravega,OTRAS,Deportes y Fitness,Bicicleta Nordic x1.0 Mountain Bike Rodado 29 Talle 18 Negro Dorado Rojo Shimano,https://www.fravega.com/p/bicicleta-nordic-x1-0-mountain-bike-rodado-29-talle-18-negro-dorado-rojo-shimano-562865/,499999.0,249999.0,1,True
FRA-bicicleta-mountain-bike-slp-10-pro-rodad,Fravega,OTRAS,Deportes y Fitness,Bicicleta Mountain Bike SLP 10 Pro Rodado 29” T18 17192-NG7BA7RJ10T18,https://www.fravega.com/p/bicicleta-mountain-bike-slp-10-pro-rodado-29-t18-17192-ng7ba7rj10t18-562433/,599999.0,299999.0,1,True
FRA-bicicleta-nordic-x1-0-mountain-bike-roda,Fravega,OTRAS,Deportes y Fitness,Bicicleta Nordic x1.0 Mountain Bike Rodado 29 Talle 20 Celeste Blanco Azul Shimano,https://www.fravega.com/p/bicicleta-nordic-x1-0-mountain-bike-rodado-29-talle-20-celeste-blanco-azul-shimano-562854/,499999.0,249999.0,1,True
FRA-bicicleta-mountain-bike-slp-5-pro-rodado,Fravega,OTRAS,Deportes y Fitness,Bicicleta Mountain Bike SLP 5 Pro Rodado 29” T20 NG8GI9BA6,https://www.fravega.com/p/bicicleta-mountain-bike-slp-5-pro-rodado-29-t20-ng8gi9ba6-562406/,499999.0,319999.0,1,True
FRA-bicicleta-gross-mtb-rodado-29-mountain-b,Fravega,OTRAS,Deportes y Fitness,Bicicleta Gross MTB Rodado 29 Mountain Bike Aluminio 21v Cambios Shimano Negro Blanco,https://www.fravega.com/p/bicicleta-gross-mtb-rodado-29-mountain-bike-aluminio-21v-cambios-shimano-negro-blanco-562848/,599999.0,329999.0,1,True
FRA-cinta-de-correr-caminadora-admiral-ad-fc,Fravega,OTRAS,Deportes y Fitness,Cinta de correr caminadora Admiral AD-FCC11 12 km/h plegable digital,https://www.fravega.com/p/cinta-de-correr-caminadora-admiral-ad-fcc11-12-km-h-plegable-digital-562277/,899999.0,499999.0,1,True
FRA-bicicleta-spinning-fija-admiral-ad-fbs6-,Fravega,OTRAS,Deportes y Fitness,Bicicleta Spinning Fija Admiral AD-FBS6 6 kg,https://www.fravega.com/p/bicicleta-spinning-fija-admiral-ad-fbs6-6-kg-562558/,459999.0,249999.0,1,True
FRA-inflador-portatil-digital-compresor-aire,Fravega,OTRAS,Deportes y Fitness,Inflador Portátil Digital Compresor Aire 2600mAh Auto Moto Bici LED USB,https://www.fravega.com/p/inflador-portatil-digital-compresor-aire-2600mah-auto-moto-bici-led-usb-563001/,69999.0,49999.0,1,True
FRA-bicicleta-mountain-bike-slp-10-pro-rodad,Fravega,OTRAS,Deportes y Fitness,Bicicleta Mountain Bike SLP 10 Pro Rodado 29” T18 17192-NG11BA8RJ11T18,https://www.fravega.com/p/bicicleta-mountain-bike-slp-10-pro-rodado-29-t18-17192-ng11ba8rj11t18-562402/,599999.0,349999.0,1,True
FRA-bicicleta-mtb-overtech-q6-r29-aluminio-2,Fravega,OTRAS,Deportes y Fitness,"Bicicleta Mtb Overtech Q6 R29 Aluminio, 21v Con Suspensión Rosa/Blanco S",https://www.fravega.com/p/bicicleta-mtb-overtech-q6-r29-aluminio-21v-con-suspension-rosa-blanco-s-22508764/,599999.0,284999.0,1,True
FRA-camara-de-impresion-instantanea-de-jugue,Fravega,OTRAS,Juguetes,Cámara de Impresión Instantánea de Juguete,https://www.fravega.com/p/camara-de-impresion-instantanea-de-juguete-351360/,74999.0,41999.0,1,True
FRA-triciclo-evolutivo-infantil-3-1-mu-color,Fravega,OTRAS,Juguetes,Triciclo Evolutivo Infantil 3 en 1 MU Color Beige 1-5 Años,https://www.fravega.com/p/triciclo-evolutivo-infantil-3-1-mu-color-beige-1-5-anos-351330/,212999.0,109999.0,1,True
FRA--lapiz-color-rosa-para-dibujar-3d-con-fi,Fravega,OTRAS,Juguetes,Lapiz Color Rosa Para Dibujar 3D Con Filamento De Regalo,https://www.fravega.com/p/-lapiz-color-rosa-para-dibujar-3d-con-filamento-de-regalo-21203124/,29999.0,20999.0,1,True
FRA-hot-wheels-pack-x5-autos-individuales-su,Fravega,OTRAS,Juguetes,Hot Wheels Pack X5 Autos Individuales Surtidos Mattel,https://www.fravega.com/p/hot-wheels-pack-x5-autos-individuales-surtidos-mattel-990049551/,37490.0,24990.0,1,True
FRA-mi-cocina-duravit-33-piezas-990049214,Fravega,OTRAS,Juguetes,Mi Cocina Duravit 33 Piezas,https://www.fravega.com/p/mi-cocina-duravit-33-piezas-990049214/,30990.0,24789.98,1,True
FRA-coche-transformer-policia-rd76-351054,Fravega,OTRAS,Juguetes,Coche Transformer Policia RD76,https://www.fravega.com/p/coche-transformer-policia-rd76-351054/,29999.0,16999.0,1,True
FRA-camara-de-fotos-rosa-gadnic-ck32-digital,Fravega,OTRAS,Juguetes,Cámara de Fotos Rosa Gadnic CK32 Digital Para Niños Función Resistente a Golpes,https://www.fravega.com/p/camara-de-fotos-rosa-gadnic-ck32-digital-para-ninos-funcion-resistente-a-golpes-990217288/,48879.0,37599.0,1,True
FRA-juego-de-mesa-uno-de-mattel-351305,Fravega,OTRAS,Juguetes,Juego de Mesa Uno de Mattel,https://www.fravega.com/p/juego-de-mesa-uno-de-mattel-351305/,19999.0,10999.0,1,True
FRA-catan-juego-de-mesa-devir-40-4011-at-990,Fravega,OTRAS,Juguetes,Catan Juego de Mesa Devir 40-4011 At,https://www.fravega.com/p/catan-juego-de-mesa-devir-40-4011-at-990165684/,124990.0,104990.01,1,True
FRA-tablet-kids-multilaser-marvel-avengers-9,Fravega,OTRAS,Juguetes,Tablet Kids Multilaser Marvel Avengers,https://www.fravega.com/p/tablet-kids-multilaser-marvel-avengers-990167344/,263445.25,210756.2,1,True
FRA-peluche-inflable-isakito-monstruo-violet,Fravega,OTRAS,Juguetes,Peluche Inflable Isakito Monstruo Violeta,https://www.fravega.com/p/peluche-inflable-isakito-monstruo-violeta-351033/,34999.0,20999.0,1,True
FRA-cuatriciclo-a-bateria-cm-tjb13688-rojo-9,Fravega,OTRAS,Juguetes,Cuatriciclo a Bateria Cm-tjb13688 Rojo,https://www.fravega.com/p/cuatriciclo-a-bateria-cm-tjb13688-rojo-990246831/,219990.0,159990.0,1,True
FRA-juego-de-mesa-taco-gato-cabra-queso-pizz,Fravega,OTRAS,Juguetes,Juego De Mesa Taco Gato Cabra Queso Pizza Tgcqp Buro,https://www.fravega.com/p/juego-de-mesa-taco-gato-cabra-queso-pizza-tgcqp-buro-990159423/,19350.0,16191.0,1,True
FRA-amigos-de-mierda-juego-cartas-para-previ,Fravega,OTRAS,Juguetes,Amigos de Mierda Juego Cartas para Previa Bureau,https://www.fravega.com/p/amigos-de-mierda-juego-cartas-para-previa-bureau-990049465/,19350.0,16915.0,1,True
FRA-teclado-musical-gadnic-organo-61-teclas-,Fravega,OTRAS,Juguetes,Teclado Musical Gadnic Órgano 61 Teclas,https://www.fravega.com/p/teclado-musical-gadnic-organo-61-teclas-20049917/,130324.0,100249.0,1,True
FRA-auto-a-bateria-mecano-3052-blanco-12v-co,Fravega,OTRAS,Juguetes,Auto a Bateria Mecano 3052 Blanco 12V con control remoto,https://www.fravega.com/p/auto-a-bateria-mecano-3052-blanco-12v-con-control-remoto-20060689/,452300.0,249999.0,1,True
FRA-pizarra-magica-12-color-3852-351633,Fravega,OTRAS,Juguetes,Pizarra Mágica 12 Color 3852,https://www.fravega.com/p/pizarra-magica-12-color-3852-351633/,9999.0,3999.0,1,True
FRA-juego-de-mesa-basta-juego-de-palabras-11,Fravega,OTRAS,Juguetes,Juego De Mesa Basta Juego De Palabras 1100 Shine,https://www.fravega.com/p/juego-de-mesa-basta-juego-de-palabras-1100-shine-990242478/,24990.0,17990.0,1,True
FRA-triciclo-evolutivo-infantil-3-1-mu-color,Fravega,OTRAS,Juguetes,Triciclo Evolutivo Infantil 3 en 1 MU Color Negro 1-5 Años,https://www.fravega.com/p/triciclo-evolutivo-infantil-3-1-mu-color-negro-1-5-anos-351045/,212999.0,109999.0,1,True
FRA-puzzle-1000-pzs-noche-estrellada-88317-1,Fravega,OTRAS,Juguetes,Puzzle 1000 Pzs Noche Estrellada 88317 1979846 Shine,https://www.fravega.com/p/puzzle-1000-pzs-noche-estrellada-88317-1979846-shine-990143807/,20990.0,16990.0,1,True
FRA-puzzle-rompecabeza-1000-pzs-mapamundi-an,Fravega,OTRAS,Juguetes,Puzzle Rompecabeza 1000 Pzs Mapamundi Antiguo 88319 1979870 Shine,https://www.fravega.com/p/puzzle-rompecabeza-1000-pzs-mapamundi-antiguo-88319-1979870-shine--990049564/,20990.0,16990.0,1,True
FRA-cuatriciclo-a-bateria-stark-naranja-3510,Fravega,OTRAS,Juguetes,Cuatriciclo a Batería Stark Naranja,https://www.fravega.com/p/cuatriciclo-a-bateria-stark-naranja-351048/,149999.0,129999.0,1,True
FRA-mini-trampolin-vxplay-1mts-gimnasia-fitn,Fravega,OTRAS,Juguetes,Mini Trampolin Vxplay 1mts Gimnasia Fitness,https://www.fravega.com/p/mini-trampolin-vxplay-1mts-gimnasia-fitness-22656914/,92742.0,76646.28,1,True
FRA-bburago-escala-1-43-bwt-alpine-f1-team-c,Fravega,OTRAS,Juguetes,Bburago Escala 1:43 Bwt Alpine F1 Team Colapinto 18-38257,https://www.fravega.com/p/bburago-escala-1-43-bwt-alpine-f1-team-colapinto-18-38257-990268834/,49990.0,39989.99,1,True
FRA-duravit-mini-moldes-8-piezas-apilables-6,Fravega,OTRAS,Juguetes,Duravit Mini Moldes 8 Piezas Apilables 658,https://www.fravega.com/p/duravit-mini-moldes-8-piezas-apilables-658-990054118/,4290.0,3432.0,1,True
FRA-kit-baulero-con-mesa-montessori-22646763,Fravega,OTRAS,Juguetes,Kit Baulero con Mesa Montessori,https://www.fravega.com/p/kit-baulero-con-mesa-montessori-22646763/,253000.0,125950.0,1,True
FRA-pizarra-magica-azul-gadnic-tableta-escri,Fravega,OTRAS,Juguetes,Pizarra Mágica Azul Gadnic Tableta Escritura Digital + Plantilla,https://www.fravega.com/p/pizarra-magica-azul-gadnic-tableta-escritura-digital-plantilla-990072504/,8644.0,6649.0,1,True
FRA-puzzle-1000-pzs-taverna-saint-88016-1489,Fravega,OTRAS,Juguetes,Puzzle 1000 Pzs Taverna Saint 88016 1489439 Shine,https://www.fravega.com/p/puzzle-1000-pzs-taverna-saint-88016-1489439-shine-990143164/,20990.0,12990.0,1,True
FRA-puzzle-1000-pzs-viajero-el-espacio-88316,Fravega,OTRAS,Juguetes,Puzzle 1000 Pzs Viajero en el Espacio 88316 1979228 Shine,https://www.fravega.com/p/puzzle-1000-pzs-viajero-el-espacio-88316-1979228-shine-990150083/,20990.0,16990.0,1,True
FRA-cochecito-de-bebe-paraguita-mu-reforzado,Fravega,OTRAS,Bebés y Primera Infancia,Cochecito de Bebe Paraguita MU Reforzado Color Gris,https://www.fravega.com/p/cochecito-de-bebe-paraguita-mu-reforzado-color-gris-680669/,99999.0,49999.0,1,True
FRA-butaca-sillita-para-auto-ninos-de-9-a-36,Fravega,OTRAS,Bebés y Primera Infancia,Butaca Sillita para Auto Ninos de 9 a 36 kg,https://www.fravega.com/p/butaca-sillita-para-auto-ninos-de-9-a-36-kg-680827/,139999.0,79999.0,1,True
FRA-practicuna-love-beige-893-colchon-de-reg,Fravega,OTRAS,Bebés y Primera Infancia,Practicuna Love Beige 893 + Colchón de regalo,https://www.fravega.com/p/practicuna-love-beige-893-colchon-de-regalo-681170/,199999.0,129999.0,1,True
FRA-coche-cuna-love-172-negro-680004,Fravega,OTRAS,Bebés y Primera Infancia,Coche Cuna Love 172 Negro,https://www.fravega.com/p/coche-cuna-love-172-negro-680004/,399999.0,179999.0,1,True
FRA-caminador-con-musica-bebesit-1226-celest,Fravega,OTRAS,Bebés y Primera Infancia,Caminador con Música Bebesit 1226 Celeste,https://www.fravega.com/p/caminador-con-musica-bebesit-1226-celeste-680445/,69999.0,44999.0,1,True
FRA-combo-banera-plegable-adaptador-termomet,Fravega,OTRAS,Bebés y Primera Infancia,Combo Bañera Plegable Adaptador Termometro Electronico Love B340 Gris,https://www.fravega.com/p/combo-banera-plegable-adaptador-termometro-electronico-love-b340-gris-21183849/,76400.0,61099.0,1,True
FRA-baby-call-gadnic-con-camara-vision-noctu,Fravega,OTRAS,Bebés y Primera Infancia,"Baby Call Gadnic con Cámara Visión Nocturna a Color 3,2"" Temperatura Ambiente",https://www.fravega.com/p/baby-call-gadnic-con-camara-vision-nocturna-a-color-3-2-temperatura-ambiente-20056044/,163799.0,125998.99,1,True
FRA-colchoneta-de-bebe-gadnic-gimnasio-music,Fravega,OTRAS,Bebés y Primera Infancia,Colchoneta de Bebe Gadnic Gimnasio Musical,https://www.fravega.com/p/colchoneta-de-bebe-gadnic-gimnasio-musical-990165631/,55769.0,42899.0,1,True
FRA-esterilizador-a-vapor-para-microondas-av,Fravega,OTRAS,Bebés y Primera Infancia,Esterilizador a vapor para microondas AVENT SCF28102,https://www.fravega.com/p/esterilizador-a-vapor-para-microondas-avent-scf28102-680151/,89999.0,64999.0,1,True
FRA-sacaleche-manual-gadnic-brp00104-150ml-9,Fravega,OTRAS,Bebés y Primera Infancia,Sacaleche Manual Gadnic BRP00104 150ml,https://www.fravega.com/p/sacaleche-manual-gadnic-brp00104-150ml-990068128/,32304.0,24849.0,1,True
FRA-cochecito-de-bebe-paseo-mu-reforzado-col,Fravega,OTRAS,Bebés y Primera Infancia,Cochecito de Bebe Paseo MU Reforzado Color Negro,https://www.fravega.com/p/cochecito-de-bebe-paseo-mu-reforzado-color-negro-680797/,219999.0,99999.0,1,True
FRA-cochecito-de-bebe-paseo-mu-reforzado-col,Fravega,OTRAS,Bebés y Primera Infancia,Cochecito de Bebe Paseo MU Reforzado Color Gris,https://www.fravega.com/p/cochecito-de-bebe-paseo-mu-reforzado-color-gris-680778/,219999.0,99999.0,1,True
FRA-cochecito-bebes-3-1-traful-mawe-by-gadni,Fravega,OTRAS,Bebés y Primera Infancia,Cochecito Bebes 3 en 1 Traful Mawe by Gadnic Huevito Travel System,https://www.fravega.com/p/cochecito-bebes-3-1-traful-mawe-by-gadnic-huevito-travel-system-990286488/,545804.0,419848.99,1,True
FRA-cochecito-cuna-recien-nacido-love-172-ro,Fravega,OTRAS,Bebés y Primera Infancia,Cochecito Cuna Recien Nacido Love 172 Rosa 05,https://www.fravega.com/p/cochecito-cuna-recien-nacido-love-172-rosa-05-50008258/,218400.0,174699.0,1,True
FRA-chicco-cochecito-goody-xplus-black-re-lu,Fravega,CHICCO,Bebés y Primera Infancia,Chicco Cochecito Goody Xplus Black Re_lux 08087040560000,https://www.fravega.com/p/chicco-cochecito-goody-xplus-black-re-lux-08087040560000-990249433/,499990.0,299990.0,1,True
FRA-coche-paraguita-bebesit-neuf-convertible,Fravega,OTRAS,Bebés y Primera Infancia,Coche paragüita Bebesit Neuf Convertible en coche cuna Negro,https://www.fravega.com/p/coche-paraguita-bebesit-neuf-convertible-coche-cuna-negro-990065280/,130827.0,91579.0,1,True
FRA-cochecito-de-bebe-paseo-mu-reforzado-col,Fravega,OTRAS,Bebés y Primera Infancia,Cochecito de Bebe Paseo MU Reforzado Color Azul,https://www.fravega.com/p/cochecito-de-bebe-paseo-mu-reforzado-color-azul-680820/,219999.0,99999.0,1,True
FRA-cochecito-compacto-beige-foldy-bebesit-9,Fravega,OTRAS,Bebés y Primera Infancia,Cochecito compacto beige FOLDY Bebesit,https://www.fravega.com/p/cochecito-compacto-beige-foldy-bebesit-990194433/,230557.0,161127.0,1,True
FRA-booster-s-respaldo-gofit-backless-410070,Fravega,OSTER,Bebés y Primera Infancia,Booster S/respaldo Gofit Backless (410070/10938),https://www.fravega.com/p/booster-s-respaldo-gofit-backless-410070-10938--990249437/,149990.0,129990.0,1,True
FRA-coche-cuna-de-disney-travel-system-con-h,Fravega,OTRAS,Bebés y Primera Infancia,Coche Cuna de Disney Travel System con Huevito Negro Mickey,https://www.fravega.com/p/coche-cuna-de-disney-travel-system-con-huevito-negro-mickey-22721705/,315329.0,242560.0,1,True
FRA-cochecito-cuna-para-recien-nacido-manija,Fravega,OTRAS,Bebés y Primera Infancia,Cochecito Cuna para Recien Nacido Manija Rebatible y Cubre Pies Love 172 Rojo 02,https://www.fravega.com/p/cochecito-cuna-para-recien-nacido-manija-rebatible-y-cubre-pies-love-172-rojo-02-50008255/,218400.0,174699.0,1,True
FRA-coche-paraguita-bebesit-1058-neuf-negro-,Fravega,OTRAS,Bebés y Primera Infancia,Coche Paraguita Bebesit 1058 Neuf Negro,https://www.fravega.com/p/coche-paraguita-bebesit-1058-neuf-negro-50012683/,208503.0,141542.0,1,True
FRA-cochecito-de-bebe-joie-muze-travel-syste,Fravega,OTRAS,Bebés y Primera Infancia,Cochecito De Bebé Joie Muze Travel System De Paseo  Dark pewter,https://www.fravega.com/p/cochecito-de-bebe-joie-muze-travel-system-de-paseo-dark-pewter-20022918/,495990.0,395099.0,1,True
FRA-cochecito-de-bebe-paraguita-mu-reforzado,Fravega,OTRAS,Bebés y Primera Infancia,Cochecito de Bebe Paraguita MU Reforzado Color Gris,https://www.fravega.com/p/cochecito-de-bebe-paraguita-mu-reforzado-color-gris-680669/,99999.0,49999.0,1,True
FRA-butaca-sillita-para-auto-ninos-de-9-a-36,Fravega,OTRAS,Bebés y Primera Infancia,Butaca Sillita para Auto Ninos de 9 a 36 kg,https://www.fravega.com/p/butaca-sillita-para-auto-ninos-de-9-a-36-kg-680827/,139999.0,79999.0,1,True
FRA-practicuna-love-beige-893-colchon-de-reg,Fravega,OTRAS,Bebés y Primera Infancia,Practicuna Love Beige 893 + Colchón de regalo,https://www.fravega.com/p/practicuna-love-beige-893-colchon-de-regalo-681170/,199999.0,129999.0,1,True
FRA-coche-cuna-love-172-negro-680004,Fravega,OTRAS,Bebés y Primera Infancia,Coche Cuna Love 172 Negro,https://www.fravega.com/p/coche-cuna-love-172-negro-680004/,399999.0,179999.0,1,True
FRA-caminador-con-musica-bebesit-1226-celest,Fravega,OTRAS,Bebés y Primera Infancia,Caminador con Música Bebesit 1226 Celeste,https://www.fravega.com/p/caminador-con-musica-bebesit-1226-celeste-680445/,69999.0,44999.0,1,True
FRA-combo-banera-plegable-adaptador-termomet,Fravega,OTRAS,Bebés y Primera Infancia,Combo Bañera Plegable Adaptador Termometro Electronico Love B340 Gris,https://www.fravega.com/p/combo-banera-plegable-adaptador-termometro-electronico-love-b340-gris-21183849/,76400.0,61099.0,1,True
FRA-baby-call-gadnic-con-camara-vision-noctu,Fravega,OTRAS,Bebés y Primera Infancia,"Baby Call Gadnic con Cámara Visión Nocturna a Color 3,2"" Temperatura Ambiente",https://www.fravega.com/p/baby-call-gadnic-con-camara-vision-nocturna-a-color-3-2-temperatura-ambiente-20056044/,163799.0,125998.99,1,True
FRA-colchoneta-de-bebe-gadnic-gimnasio-music,Fravega,OTRAS,Bebés y Primera Infancia,Colchoneta de Bebe Gadnic Gimnasio Musical,https://www.fravega.com/p/colchoneta-de-bebe-gadnic-gimnasio-musical-990165631/,55769.0,42899.0,1,True
FRA-esterilizador-a-vapor-para-microondas-av,Fravega,OTRAS,Bebés y Primera Infancia,Esterilizador a vapor para microondas AVENT SCF28102,https://www.fravega.com/p/esterilizador-a-vapor-para-microondas-avent-scf28102-680151/,89999.0,64999.0,1,True
FRA-sacaleche-manual-gadnic-brp00104-150ml-9,Fravega,OTRAS,Bebés y Primera Infancia,Sacaleche Manual Gadnic BRP00104 150ml,https://www.fravega.com/p/sacaleche-manual-gadnic-brp00104-150ml-990068128/,32304.0,24849.0,1,True
FRA-cochecito-huevito-love-smart-1010-negro-,Fravega,OTRAS,Bebés y Primera Infancia,Cochecito Huevito Love Smart 1010 Negro,https://www.fravega.com/p/cochecito-huevito-love-smart-1010-negro--20060570/,652900.0,522299.0,1,True
FRA-coche-cuna-de-bebe-travel-system-disney-,Fravega,OTRAS,Bebés y Primera Infancia,Coche Cuna de Bebe Travel System Disney Rosa Minnie,https://www.fravega.com/p/coche-cuna-de-bebe-travel-system-disney-rosa-minnie-20293913/,315330.0,242560.0,1,True
FRA-cochecito-travel-system-gris-claro-con-m,Fravega,OTRAS,Bebés y Primera Infancia,Cochecito Travel System Gris Claro con Manillar Rebatible,https://www.fravega.com/p/cochecito-travel-system-gris-claro-con-manillar-rebatible-990049447/,539840.0,437089.99,1,True
FRA-coche-paraguitas-de-bebe-disney-3-posici,Fravega,OTRAS,Bebés y Primera Infancia,Coche Paraguitas de Bebe Disney 3 Posiciones Negro Rosa,https://www.fravega.com/p/coche-paraguitas-de-bebe-disney-3-posiciones-negro-rosa-20458413/,154280.0,100359.0,1,True
FRA-coche-jogger-de-bebe-disney-negro-y-rosa,Fravega,OTRAS,Bebés y Primera Infancia,Coche Jogger de Bebe Disney Negro y Rosa con Huevito,https://www.fravega.com/p/coche-jogger-de-bebe-disney-negro-y-rosa-con-huevito-21186172/,341910.0,245805.0,1,True
FRA-cochecito-paraguita-cartan-stl100-beige-,Fravega,OTRAS,Bebés y Primera Infancia,Cochecito Paraguita Cartan STL100 Beige,https://www.fravega.com/p/cochecito-paraguita-cartan-stl100-beige-21456990/,127990.0,105776.86,1,True
FRA-cochecito-bebesit-1052-f-tours-paraguita,Fravega,OTRAS,Bebés y Primera Infancia,Cochecito Bebesit 1052-F Tours Paraguita Negro,https://www.fravega.com/p/cochecito-bebesit-1052-f-tours-paraguita-negro-990185317/,147558.0,110271.0,1,True
FRA-cochecito-compacto-foldy-bebesit-negro-9,Fravega,OTRAS,Bebés y Primera Infancia,Cochecito compacto FOLDY Bebesit negro,https://www.fravega.com/p/cochecito-compacto-foldy-bebesit-negro-990194434/,230557.0,161127.0,1,True
FRA-cochecito-funky-fresh-cielo-rebatible-de,Fravega,OTRAS,Bebés y Primera Infancia,Cochecito Funky Fresh Cielo Rebatible De Paseo Rosa,https://www.fravega.com/p/cochecito-funky-fresh-cielo-rebatible-de-paseo-rosa-22467282/,246258.0,123129.0,1,True
FRA-coche-cuna-reforzado-de-disney-con-manij,Fravega,OTRAS,Bebés y Primera Infancia,Coche Cuna Reforzado de Disney con Manija Rebatible Color Beige,https://www.fravega.com/p/coche-cuna-reforzado-de-disney-con-manija-rebatible-color-beige-22499280/,195080.0,136420.0,1,True
FRA-cochecito-de-paseo-ultracompacto-bebesit,Fravega,OTRAS,Bebés y Primera Infancia,Cochecito de Paseo UltraCompacto Bebesit Beige,https://www.fravega.com/p/cochecito-de-paseo-ultracompacto-bebesit-beige-990245846/,176370.0,123459.0,1,True
FRA-cochecito-de-paseo-ultraplegable-bebesit,Fravega,OTRAS,Bebés y Primera Infancia,Cochecito de Paseo UltraPlegable Bebesit Azul 1321-B,https://www.fravega.com/p/cochecito-de-paseo-ultraplegable-bebesit-azul-1321-b-990245840/,238841.0,167189.0,1,True
FRA-coche-de-paseo-bebesit-manillar-rebatibl,Fravega,OTRAS,Bebés y Primera Infancia,Coche De Paseo Bebesit Manillar Rebatible Y Varias Posiciones Azul 1390-D,https://www.fravega.com/p/coche-de-paseo-bebesit-manillar-rebatible-y-varias-posiciones-azul-1390-d-990247569/,243570.0,170498.99,1,True
FRA-chicco-pocket-snack-silla-portatil-regul,Fravega,CHICCO,Bebés y Primera Infancia,Chicco Pocket Snack Silla Portatil Regulable 470070,https://www.fravega.com/p/chicco-pocket-snack-silla-portatil-regulable-470070-990249438/,99990.0,64990.0,1,True
FRA-chicco-coche-bellagio-black-satin-050871,Fravega,CHICCO,Bebés y Primera Infancia,Chicco Coche Bellagio Black Satin 05087136450000,https://www.fravega.com/p/chicco-coche-bellagio-black-satin-05087136450000-990249432/,799990.0,699990.0,1,True
